hour,food_left
1,100.000000
2,25.000000
3,11.111111
4,6.250000
5,4.000000
6,2.777778
7,2.040816
8,1.562500
9,1.234568
10,1.000000
11,0.826446
12,0.694444
13,0.591716
14,0.510204
15,0.444444
...,...
50,0.040000